timestamp,new_fingerprints,requests,succeeded,failed,accepted,rejected
2026-08-03T22:01:57Z,5702,10,10,0,10936,895
2026-08-03T23:12:43Z,70,10,10,0,10967,866
2026-08-04T01:04:02Z,100,10,10,0,11051,875
2026-08-04T04:27:00Z,106,10,10,0,10984,869
2026-08-04T07:14:42Z,30,10,10,0,10871,923
2026-08-04T10:11:32Z,43,10,10,0,10885,871
2026-08-04T10:36:44Z,0,0,0,0,0,0
2026-08-04T12:30:13Z,27,1,1,0,37,151
2026-08-04T15:17:01Z,8,1,1,0,45,148
2026-08-04T17:16:55Z,0,1,1,0,45,148
2026-08-04T19:06:33Z,0,1,1,0,45,148
2026-08-04T20:55:56Z,0,0,0,0,0,0
2026-08-04T22:04:13Z,0,0,0,0,0,0
